{"accuracy": 0.08529411764705883, "loss": 4.365109771490097}