{"accuracy": 0.6794117647058824, "loss": 1.571504084393382}