{"accuracy": 0.00980392156862745, "loss": 4.815698035061359}