{"accuracy": 0.00980392156862745, "loss": 4.830967649817467}