{"accuracy": 0.8019607843137255, "loss": 0.7932555326260626}