{"accuracy": 0.7470588235294118, "loss": 1.073342570103705}