{"accuracy": 0.828921568627451, "loss": 0.8801823558751494}