{"accuracy": 0.8044117647058824, "loss": 0.9238393167033792}