{"accuracy": 0.8387254901960784, "loss": 0.8572498210705817}