{"accuracy": 0.05196078431372549, "loss": 5.011351704597473}