{"accuracy": 0.7247899159663865, "loss": 1.530288708646123}