{"accuracy": 0.5882352941176471, "loss": 1.6342744715511799}