{"accuracy": 0.740686274509804, "loss": 1.2657116604968905}