{"accuracy": 0.6745098039215687, "loss": 1.246357805095613}