{"accuracy": 0.7971734148204737, "loss": 1.1639594312121229}