{"accuracy": 0.7706264323911383, "loss": 1.2589163671179515}