{"accuracy": 0.8151260504201681, "loss": 1.2088837579983036}