{"accuracy": 0.8124522536287242, "loss": 1.344348182038563}