{"accuracy": 0.18621084797555384, "loss": 2.2052408398651497}