{"accuracy": 0.18621084797555384, "loss": 2.2055533164884986}