{"accuracy": 0.7181372549019608, "loss": 1.2919562658644281}